{"errors":[],"warnings":[],"namedChunkGroups":{"app":{"chunks":[6,1],"assets":["webpack-runtime-ffa5ef8db8b910815067.js","webpack-runtime-ffa5ef8db8b910815067.js.map","app-2def188f6b238cb9229d.js","app-2def188f6b238cb9229d.js.map"],"children":{},"childAssets":{}},"component---src-pages-404-js":{"chunks":[0,2],"assets":["0-8e0fd740fd81ae1bd805.js","0-8e0fd740fd81ae1bd805.js.map","component---src-pages-404-js.748371b66df2332b3528.css","component---src-pages-404-js-c1187ab610942fa612e1.js","component---src-pages-404-js.748371b66df2332b3528.css.map","component---src-pages-404-js-c1187ab610942fa612e1.js.map"],"children":{},"childAssets":{}},"component---src-pages-index-js":{"chunks":[0,3],"assets":["0-8e0fd740fd81ae1bd805.js","0-8e0fd740fd81ae1bd805.js.map","component---src-pages-index-js.9246dc56a38f0e29b35c.css","component---src-pages-index-js-c032b8300f56d6cebc92.js","component---src-pages-index-js.9246dc56a38f0e29b35c.css.map","component---src-pages-index-js-c032b8300f56d6cebc92.js.map"],"children":{},"childAssets":{}},"component---src-pages-page-2-js":{"chunks":[0,4],"assets":["0-8e0fd740fd81ae1bd805.js","0-8e0fd740fd81ae1bd805.js.map","component---src-pages-page-2-js.748371b66df2332b3528.css","component---src-pages-page-2-js-2a941b68c0e3e8827224.js","component---src-pages-page-2-js.748371b66df2332b3528.css.map","component---src-pages-page-2-js-2a941b68c0e3e8827224.js.map"],"children":{},"childAssets":{}}},"assetsByChunkName":{"app":["webpack-runtime-ffa5ef8db8b910815067.js","app-2def188f6b238cb9229d.js"],"component---src-pages-404-js":["0-8e0fd740fd81ae1bd805.js","component---src-pages-404-js.748371b66df2332b3528.css","component---src-pages-404-js-c1187ab610942fa612e1.js"],"component---src-pages-index-js":["0-8e0fd740fd81ae1bd805.js","component---src-pages-index-js.9246dc56a38f0e29b35c.css","component---src-pages-index-js-c032b8300f56d6cebc92.js"],"component---src-pages-page-2-js":["0-8e0fd740fd81ae1bd805.js","component---src-pages-page-2-js.748371b66df2332b3528.css","component---src-pages-page-2-js-2a941b68c0e3e8827224.js"]}}